,0,price,strike_price,title
0,5702016109603,"38,57",,Lego DUPLO Jurassic World T-Rex Aussichtsplattform 10880 (22 pieces)
1,5702016668186,"6,11","7,68€",LEGO 30574 Katze (Polybag)
2,5702016667783,"7,19","7,42€",LEGO Ninjago Kombi Flitzer 30536 Polybag
3,5702016668247,"7,78","7,90€",bekannt Lego Hidden Side 30464 - EL Fuegos Stunt-Kanone
4,5702015599399,not available,,"LEGO Duplo 10812 - Bagger und Lastwagen, Ideales Geschenk für 2 Jährige"
5,5702016110364,"51,99","69,99€",LEGO Harry Potter und die Kammer des Schreckens – Die Peitschende Weide von Hogwarts (75953) Bauset (753 Teile)
6,5702016111309,not available,,"LEGO Friends 41333 - Olivias Rettungsfahrzeug, Beliebtes Kinderspielzeug"
7,5702016077506,not available,,"LEGO City 60181 - Starke Fahrzeuge Forsttraktor, Cooles Kinderspielzeug"
8,5702016367614,"36,99","49,99€","LEGO 10899 DUPLO Disney Elsas Eispalast, Bausteine, Mehrfarbig"
9,5702016111965,"7,99","9,99€","LEGO Duplo 10870 - Tiere auf dem Bauernhof, Lernspielzeug"
10,5702016110852,not available,,"LEGO Duplo 10860 - Mein erstes Rennauto, Spielzeug für das Kindergartenalter"
11,5702015599061,"19,95",,"LEGO Duplo 10809 - Polizeistreife, Kleinkinder-Spielzeug, große Bausteine"
12,5702015357142,"6,49","7,99€",LEGO Classic 10700 - Bauplatte
13,5702016617870,"16,76","19,99€","LEGO 60253 Eiswagen City Spielzeug mit Skater- und Hundefigur, für Kinder ab 5 Jahren"
14,5702015357180,not available,,"LEGO Classic 10696 Mittelgroße Bausteine-Box, Lernspielzeug"
15,5702016369960,"22,87","29,99€","LEGO 60226 - City Mars-Forschungsshuttle, Bauset"
16,5702016616866,"8,89","9,99€","LEGO 71700 NINJAGO Legacy Lloyds Dschungelräuber Auto mit Minifigur Lloyd, Turnier der Elemente Bauset"
17,5702015867535,"9,99","14,99€","LEGO Creator 31058 - Dinosaurier, Dinosaurier Spielzeug"
18,5702016618075,"3,99","4,99€","LEGO 10917 DUPLO Mein erstes Feuerwehrauto, Feuerwehrauto Starter-Set für Kleinkinder im Alter von 1, 5 Jahren"
19,5702016617757,"35,99","49,99€","LEGO 10914 DUPLO Deluxe Steinebox Bauset mit Aufbewahrungsbox, Erstes Steine-Lernspielzeug für Kleinkinder im Alter von 1, 5 Jahren"
20,5702016367706,"69,99","99,99€","LEGO Duplo 10907 - Tiere der Welt, Bausteine"
21,5702016111910,"17,50","24,99€","LEGO Classic 10715 - Kreativ-Bauset Fahrzeuge, Spielzeug"
22,5702016370218,"29,99","39,99€","LEGO 41378 - Friends Rettungs-U-Boot für Delfine, Bauset"
23,5702016617788,"31,99","44,99€","LEGO 60244 - Polizeihubschrauber-Transport, City, Bauset"
24,5702016370515,"15,99","19,99€",LEGO City 60231 - Feuerwehreinsatzleitung
25,5702016616286,"14,99","19,99€","LEGO 31102 Creator 3-in-1 Feuerdrache, Feuerdrache - Säbelzahntiger - Skorpion Bauset"
26,5702016617108,"7,99","9,99€","LEGO 75264 - Kylo Rens Shuttle Microfighter, Star Wars, Bauset"
27,5702016365511,"32,99","44,99€","Lego Ninjago 70674 Feuerschlange, Bauset"
28,5702016365504,"20,99","29,99€","Lego Ninjago 70673 ShuriCopter, Bauset"
29,5702016616415,"7,99","9,99€","LEGO 42102 - Mini CLAAS XERION, Technic, Bauset"
30,5702016369588,"32,99","39,99€","Lego 42093 Technic Chevrolet Corvette ZR1, bunt"
31,5702016616736,"13,89","14,99€",LEGO 41905 Schmuckbaum DOTS Bastelset für Deko-Accessoires
32,5702016668643,"13,49","14,99€",LEGO 41904 Foto Würfel DOTS Bastelset für Deko-Accessoires
33,5702016616729,"5,99",,LEGO 41903 Weltraum Armband DOTS Bastelset für individuelle Schmuck-Designs
34,5702016616712,"5,99",,LEGO 41902 Einhorn Armband DOTS Bastelset für individuelle Schmuck-Designs
35,5702016616705,"4,69","5,99€",LEGO 41901 Tiere Armband DOTS Bastelset für individuelle Schmuck-Designs
36,5702016667523,"5,29","5,99€",LEGO 41900 Regenbogen Armband DOTS Bastelset für individuelle Schmuck-Designs
37,5702016367836,"12,89","14,99€",LEGO Creator 31088 - Bewohner der Tiefsee
38,5702016618259,"16,74","19,99€",LEGO 21158 Minecraft Der Panda-Kindergarten Bauset
39,5702016370935,"59,99","79,99€","LEGO Minecraft 21155 - Die Creeper Mine, Bauset"
40,5702015930000,"5,75",,"Lego Bricks & Apps 21201 - Life of George, App nicht mehr verfügbar"
41,5702016616613,"7,99",,"LEGO 11010 Classic Weiße Bauplatte 25 cm x 25 cm für Winter-Sets, Konstruktionsbasis"
42,5702016370096,not available,,LEGO Star Wars 75223 - Naboo Starfighter Microfighter
43,5702016667547,"3,39","3,99€",LEGO 41908 Armband Ergänzungsset Smiley DOTS
44,5702016668650,"17,99","19,99€",LEGO 41906 Ananas Stiftehalter DOTS Bastelset für Deko-Accessoires
45,5702016369885,not available,,LEGO Technic 42097 - Spinnenkran
46,5702016370973,not available,,"LEGO Speed Champions 75893 - 2018 Dodge Challenger SRT Demon und 1970 Dodge Charger R/T, Rallyeauto"
47,5702016617801,"66,99","99,99€","LEGO 60246 - Polizeistation, City, Bauset"
48,5702016617795,"35,99","49,99€","LEGO 60245 - Raubüberfall mit dem Monster-Truck, City, Bauset"
49,5702016617771,"20,99","29,99€","LEGO 60243 - Verfolgungsjagd mit dem Polizeihubschrauber, City, Bauset"
50,5702016617566,"13,99","19,99€","LEGO 60242 - Festnahme auf der Autobahn, City, Bauset"
51,5702016617559,"7,99","9,99€","LEGO 60241 - Polizeihundestaffel, City, Bauset"
52,5702016117240,"19,99","24,99€",LEGO DUPLO Eisenbahnbrücke und Schienen 10872 Konstruktionsspielzeug
53,5702016159967,not available,,"LEGO Jurassic World 75931 Angriff des Dilophosaurus, Dinosaurier-Set, Kinderspielzeug"
54,5702016394429,"8,99","9,99€",LEGO NINJAGO 70680 - Ninja Tempeltraining
55,5702016396201,"8,99","9,99€","Lego 60239 City Streifenwagen, bunt"
56,5702016369526,"14,99","19,99€",LEGO City 60220 Müllabfuhr
57,5702016369496,"39,47","39,99€","LEGO City 60217 Löschflugzeug der Feuerwehr, Kinderspielzeug"
58,5702016618631,"16,11","19,99€","LEGO 43177 - Belle Märchenbuch, Disney Princess, Bauset"
59,5702016618624,"14,99","19,99€","LEGO 43176 - Arielle Märchenbuch, Disney Princess, Bauset"
60,5702016618600,"14,99","19,99€","LEGO 43174 - Mulan Märchenbuch, Disney Princess, Bauset"
61,5702016616422,"14,99","19,99€","LEGO 42103 - Dragster Rennauto, Technic, Bauset"
62,5702016368321,"57,99","79,99€","LEGO 21045 - Architecture Trafalgar Square, Bauset"
63,5702016110777,not available,,"LEGO Ninjago 70637 - Spinjitzu-Meister Cole, Unterhaltungsspielzeug"
64,5702016369274,not available,,"LEGO 71023 Kinderspielzeug, Bunt"
65,5702016616316,"38,12","49,99€","LEGO 31105 Creator 3-in-1 Spielzeugladen im Stadthaus, Stadthaus Spielzeugladen - Konditorei - Blumenladen Bauset"
66,5702016618341,"30,59","39,99€",LEGO 76898 Speed Champions Formula E Panasonic Jaguar Racing GEN2 car & Jaguar I-PACE eTROPHY Rennwagen-Set
67,5702016619300,"33,72","39,99€",LEGO 76150 Marvel Super Heroes Spiderjet vs. Venom Mech Spielset
68,5702016616811,"43,17","49,99€","LEGO 41255 Party in Pop City Trolls World Tour, Baumhaus-Set mit 2 Wohnblüten, tragbares Spielzeug für unterwegs"
69,5702016616804,"28,99","39,99€","LEGO 41254 Volcano Rock City Konzert Trolls World Tour, Spielset mit Poppy, Branch und Barb, Musikszene und Gitarren"
70,5702016616798,"23,54","29,99€","LEGO 41253 Floßabenteuer in Einsamshausen Trolls World Tour, Spielset mit Poppy, Branch und Hickory"
71,5702016616781,"25,04","34,99€","LEGO 41252 Poppys Heißluftballon Abenteuer Trolls World Tour, Spielset mit Poppy, Branch, Biggie und Herr Dinkles"
72,5702016616774,"15,99","19,99€","LEGO 41251 Poppys Wohnblüte Trolls World Tour, tragbares Spielzeug für Vorschulkinder"
73,5702016616767,"17,77","24,99€","LEGO 41250 Party am Techno Riff Trolls World Tour, Spielset mit Meerjungfrau- und Tintenfisch-Figuren"
74,5702016617344,"44,99","59,99€",LEGO 21052 Architecture Dubai Skyline-Kollektion Sammlerset
75,5702016619294,"24,99","34,99€",LEGO 76149 Marvel Super Heroes Mysterios Bedrohung Helikopter-Spielzeug
76,5702016619317,"20,99","29,99€",LEGO 76148 Marvel Super Heroes Spider-Man vs. Doc Ock Bauset
77,5702016619287,"17,99","24,99€",LEGO 76147 Marvel Super Heroes Vultures LKW-Überfall Spielset
78,5702016618051,"28,99","39,99€",LEGO 76143 Marvel Super Heroes Avengers Truck-Festnahme Spielset
79,5702016618044,"17,99","24,99€",LEGO 76142 Marvel Super Heroes Avengers Speeder-Bike Attacke Spielset
80,5702016617924,"72,99","99,99€","LEGO 60258 Tuning-Werkstatt City Bauset mit Abschleppwagen, Hot Rod, Wohnanhänger und Motorrad"
81,5702016617917,"34,99","49,99€",LEGO 60257 Tankstelle City Autospielzeug für Kinder
82,5702016617900,"14,99","19,99€","LEGO 60256 Rennwagen-Duell City Spielzeug mit 2 Rennfahrer-Minifiguren, Rallyefahrzeugen für Kinder ab 5 Jahren"
83,5702016617887,"20,99","29,99€","LEGO 60254 Rennboot-Transporter City LKW-Spielzeug mit Anhänger und Schnellboot, schwimmendes Badespielzeug für Kinder von 5 bis 7 Jahren"
84,5702016618242,"11,99","14,99€",LEGO 21157 Minecraft BigFig Schwein mit Zombiebaby Bauset
85,5702016110760,not available,,"LEGO Ninjago 70636 - Spinjitzu-Meister Zane, Cooles Kinderspielzeug"
86,5702016374810,"4,50",,"LEGO 30365 Raumfahrtsatellit Bausteine, Bunt"
87,5702016619416,not available,,"LEGO 71026 Minifiguren DC Super Heroes Series Sammelspielzeug, Stil Sortiert"
88,5702016616309,"34,99","49,99€","LEGO 31104 Creator 3-in-1 Burger-Monster-Truck - Geländewagen - Traktor, Bauset"
89,5702016616293,"17,99","24,99€","LEGO 31103 Creator 3-in-1 Raketen-Truck - Geländewagen - Quad, Bauset"
90,5702016616279,"10,99","14,99€","LEGO 31101 Creator 3-in-1 Monster Truck, Spielzeugauto-, Muscle Car-, Dragster-Bauset"
91,5702016616057,"7,99","9,99€","LEGO 31099 Creator 3-in-1 Propellerflugzeug-, Düsenflieger-, Hubschrauber - Spielset, Spielzeug für Kinder ab 7 Jahren"
92,5702016616576,"3,99","4,99€","LEGO 11006 Classic Blaues Kreativ-Set Lernstarter-Set, Spielzeug für Vorschulkinder ab 4 Jahren"
93,5702016616583,"3,99","4,99€","LEGO 11007 Classic Grünes Kreativ-Set Lernstarter-Set, Spielzeug für Vorschulkinder ab 4 Jahren"
94,5702016616989,"59,83","79,99€","LEGO 71712 NINJAGO Empire Tempel des Unsinns, Bauset mit 6 Minifiguren, Ninja Spielzeug für Kinder"
95,5702016616972,"37,99","49,99€","LEGO 71711 NINJAGO Jays Cyber-Drache Mech, Bauset mit den Minifiguren Jay, Nya und Unagami"
96,5702016616965,"28,99","39,99€","LEGO 71710 NINJAGO Ninja-Tuning-Fahrzeug mit Spreizklingen, Bauset"
97,5702016616880,"28,99","39,99€","LEGO 71702 NINJAGO Legacy Goldener Mech, mit Lloyd, Wu und General Kozu, Ninja Bauset"
98,5702016618907,"9,99",,"LEGO 41404 Friends Emmas magischer Würfel, Sammlerbauset, Mini-Spielset, tragbares Spielzeug für unterwegs"
99,5702016618884,"9,56","9,99€","LEGO 41402 Friends Olivias magischer Würfel, Sammlerbauset, Mini-Spielset, tragbares Spielzeug für unterwegs"
100,5702016618860,not available,,"LEGO 41400 Friends Andreas magischer Würfel, Sammelbauset, Mini-Spielset, tragbares Spielzeug für unterwegs"
101,5702016618181,"46,04","59,99€","LEGO 10929 DUPLO Unser Wohnhaus 3-in-1-Set, Puppenhaus für Mädchen und Jungen ab 2 Jahren mit Figuren und Tieren für Kleinkinder"
102,5702016618174,"29,99","39,99€","LEGO 10928 DUPLO Tortenbäckerei Spielset mit Café-Wagen, Kuchen und Cupcakes, Große Steine für Kleinkinder ab 2 Jahren"
103,5702016618143,"11,99","14,99€","LEGO 10925 DUPLO Spielzimmer-Spielbox für Kleinkinder ab 2 Jahren, Große Steine Lernspielzeug"
104,5702016617764,"19,99","29,99€","LEGO 10915 DUPLO Mein erster ABC-Lastwagen Set, für Kleinkinder im Alter von 1, 5 Jahren, Buchstaben-Steine zum Lernen, Vorschulalter"
105,5702016617740,"20,99","29,99€","LEGO 10913 DUPLO Steinebox Box Bauset mit Aufbewahrungsbox, Erste Steine Lernspielzeug für Kleinkinder ab 1, 5 Jahren"
106,5702016604122,"37,99","49,99€",LEGO Harry Potter 75958 - Beauxbatons Kutsche: Ankunft in Hogwarts
107,5702016368673,"26,99","34,99€","LEGO Harry Potter und der Feuerkelch  – Das Trimagische Turnier: der ungarische Hornschwanz (75946), Bauset"
108,5702016369953,"17,99","19,99€","LEGO 60225 - City Rover-Testfahrt, Bauset"
109,5702015867528,"14,82",,LEGO Creator 31057 - Helikopter
110,5702016369915,"95,99","129,99€","LEGO 42109 - Top-Gear Ralleyauto mit App-Steuerung, Technic, Bauset"
111,5702016368697,"73,57","89,99€","LEGO Harry Potter und der Feuerkelch – Hogwarts Uhrenturm (75948), Bauset"
112,5702016369939,"57,98","74,99€","Lego 60210 City Polizei Fliegerstützpunkt, bunt"
113,5702016616453,"39,99","49,99€","LEGO 42106 - Stunt-Show mit Truck und Motorrad, Technic, Bauset"
114,5702016618792,"21,24","29,99€","LEGO 41392 - Camping in Heartlake City, Friends, Bauset"
115,5702016618808,"31,98","39,99€","LEGO 41393 - Die große Backshow, Friends, Bauset"
116,5702016618839,"8,49","9,99€","LEGO 41396 - Welpenspielplatz, Friends, Bauset"
117,5702016618648,"20,99","29,99€","LEGO 43178 - Cinderellas Schlossfest, Disney Princess, Bauset"
118,5702016618365,"7,99","9,99€","LEGO 43170 - Vaianas Boot, Disney Princess, Bauset"
119,5702016618594,"7,99","9,99€","LEGO 43173 - Auroras königliche Kutsche, Disney Princess, Bauset"
120,5702016616095,"13,99","19,99€","LEGO 70428 - Jacks Strandbuggy, Hidden Side, Bauset"
121,5702016616101,"20,99","29,99€","LEGO 70429 - El Fuegos Stunt-Flugzeug, Hidden Side, Bauset"
122,5702016616118,"19,00","29,99€","LEGO 70430 - Newbury U-Bahn-Station, Hidden Side, Bauset"
123,5702016616132,"35,99","49,99€","LEGO 70432 - Geister-Jahrmarkt, Hidden Side, Bauset"
124,5702016617818,"7,99","9,99€","LEGO 60247 - Waldbrand, City, Bauset"
125,5702016367218,"89,97","119,99€","LEGO 70425 Hidden Side Newbury's spukende Schule Kinderspielzeug, Augmented Reality Funktionen"
126,5702016369946,"8,99","9,99€","LEGO 60224 -  City Satelliten-Wartungsmission, Bauset"
127,5702016122428,"4,90",,"LEGO 30543 Creator Weihnachtszug, Mehrfarbig"
128,5702016109788,"94,99","129,99€",LEGO City Personenzug (60197) Spielzeugeisenbahn
129,5702016369908,"35,99",,Seciie Licht Beleuchtungsset für Lego Technic 42099 - LED Licht-Set Kompatibel mit Lego 42099 4x4 X-Treme Off-Roader
130,5702016369892,"113,99",,LEGO Technic 42098 - Autotransporter
131,5702016111651,"31,30","31,96€",LEGO  Friends Rundflug über Heartlake City (41343) Kinderspielzeug
132,5702016148091,"8,51",,LEGO 5005249 - Hütte des Osterhasen
133,5702016371017,"44,99","59,99€","LEGO Duplo Town 10906 - Baumhaus im Dschungel, Bausteine"
134,5702016110753,not available,,"LEGO Ninjago 70635 - Spinjitzu-Meister Jay, Unterhaltungsspielzeug"
135,5702016369854,"152,75","199,99€","LEGO Star Wars 75253 BOOST Droide, App-gesteuerte und programmierbare Roboter, Programmierset für Kinder, Roboterspielzeug"
136,5702016370751,"37,95","49,99€","LEGO 75250 Star Wars Pasaana Speeder Jagd, Bauset, Mehrfarbig"
137,5702016370744,"54,99","69,99€","Lego Star Wars 75249 Widerstands Y-Wing Starfighter, Mehrfarbig"
138,5702016604092,"10,99","14,99€","LEGO 41169 Disney Olaf, Bauset, Mehrfarbig"
139,5702016368635,"21,24","29,99€","LEGO 41166 princesas Disney ELSA und die Rentierkutsche, Bauset, Mehrfarbig"
140,5702016368628,"14,31","19,99€","LEGO 41165 princesas Disney Annas Kanufahrt, Bauset, Mehrfarbig"
141,5702016368611,"38,48","49,99€","LEGO 41164 Disney Verzaubertes Baumhaus, Bauset, Mehrfarbig"
142,5702016109306,"4,81",,Lego The Batman Movie 710202 - Minifigur zum Sammeln
143,5702016108651,"3,76","4,75€",LEGO Minifiguren Serie 18: Party 71021 lustige Sammelfiguren
144,5702016367928,"14,99","49,99€",LegoNinjago Movie 5004394 - Movie Maker
145,5702016367942,"4,04","4,47€",LEGO Movie 2 Minifigur 71023 (#07 Hula Lula)
146,5702016367966,"12,06","19,99€",THE LEGO MOVIE 2 70824 Das ist Königin Wasimma Si-Willi
147,5702016368109,"4,20","6,28€",LEGO Movie 2 30340 Emmets Herz / Emmet´s 'Piece' Offering
148,5702016368123,"5,11",,LEGO Movie 2 Minifigur 71023 (#02 startklare Lucy)
149,5702016368208,not available,,"The Lego Movie 2 70837 Schimmerndes Glitzer-Spa, Bauset"
150,5702016369311,not available,,"LEGO 71025 Minifiguren Serie 19, Bauset, Mehrfarbig, 24 Juguetes"
151,5702015866811,"4,95",,LEGO Minifigures 71018 - Serie 17
152,5702015868495,"34,90","39,99€",LEGO Star Wars 75176 - Resistance Transport Pod
153,5702016176353,not available,,"LEGO Building Bigger Thinking 10402 - Spaß in der Zukunft, Konstruktionsspielzeug"
154,5702016176360,not available,,LEGO Spaß in der Welt 10403 - Unterhaltungsspielzeug
155,5702016110586,"40,00","49,99€",LEGO Star Wars Moloch’s Landspeeder 75210 Star Wars Spielzeug
156,5702016111170,"99,99","99,99€",LEGO 75219 Star Wars New 09-2018
157,5702016370980,"35,99","49,99€","LEGO Speed Champions 75894 - 1967 Mini Cooper S und 2018 Buggy Mini John Cooper Works, Rallyeauto"
158,5702016368482,"23,87","24,99€","LEGO 75971 - Overwatch Hanzo vs. Genji, Bauset"
159,5702016368529,"75,99","89,99€","LEGO 75975 - Overwatch Watchpoint: Gibraltar, Bauset"
160,5702016367225,"19,99","24,99€","LEGO 75934 - Jurassic World Dilophosaurus auf der Fluch, Bauset"
161,5702016367232,"43,99","59,99€","LEGO 75935 - Jurassic World Baryonyx' Kräftemessen: die Schatzsuche, Bauset"
162,5702016542691,"44,99","59,99€","LEGO 75937 - Jurassic World Triceratops-Randale, Bauset"
163,5702015868754,"4,60",,LEGO Nexo Knights 70373 - Combo NEXO Kräfte
164,5702015592437,"11,93",,"LEGO 70606 Ninjago Spinjitzu-Training, 109 Teile, Bunt, 16x4,5x14"
165,5702016110746,not available,,"LEGO Ninjago 70634 - Spinjitzu-Meisterin Nya, Cooles Kinderspielzeug"
166,5702016108897,not available,,LEGO Ninjago Katana V11 70638 - Cooles Kinderspielzeug
167,5702016110517,"12,99",,LEGO Marvel Super Heroes Mighty Micros: Star-Lord vs. Nebula 76090 Beliebtes Superheldenspielzeug für Kinder
168,5702016369052,"17,99","24,99€",LEGO 76123 - Marvel Super Heroes Captain America: Outrider-Attacke
169,5702016369069,"27,99","34,99€",LEGO Marvel Super Heroes 76124 War Machine Buster
170,5702016369298,"5,74",,"LEGO 71024 - Minifiguren Disney Serie 2, Bauset (1 Minifigur) (Modell sortiert )"
171,5702016469004,"8,49","9,99€","Lego Ninjago 70681 Spinjitzu Slam - Lloyd, Bauset"
172,5702016469028,"8,99","9,99€","Lego Ninjago 70683 Spinjitzu Slam - Zane, Bauset"
173,5702016469035,"16,99","19,99€","Lego Ninjago 70684 Spinjitzu Slam - Kai vs. Eis-Samurai, Bauset"
174,5702016368871,not available,,
175,5702016077438,not available,,"LEGO Friends 41332 - Emmas rollender Kunstkiosk, Cooles Kinderspielzeug"
176,5702016117622,not available,,LEGO Juniors Stephanies Hütte am See 10763 Spielzeug für Kinder ab 4 Jahren
177,5702016370249,"8,99","9,99€","Lego 41360 Friends Emmas mobile Tierarztpraxis, bunt"
178,5702016370256,"13,99","19,99€","Lego 41361 Friends Mias Fohlenstall, bunt"
179,5702016369380,"9,99","14,99€","Lego 41363 Friends Mias Outdoor Abenteuer, bunt"
180,5702016369410,"20,99","29,99€","Lego 41366 Friends Olivias Cupcake-Café, bunt"
181,5702016369434,"28,49","49,99€","Lego 41368 Friends Andreas Talentshow, bunt"
182,5702016374384,"4,20",,Unbekannt Lego Friends 30408 Tulpen Polybag
183,5702016419856,not available,,"LEGO Friends 41386 - Stephanies Sommer-Herzbox, Bauset"
184,5702016370263,not available,,"LEGO 41362 - Friends Supermarkt von Heartlake City, Bauset"
185,5702016369168,not available,,"LEGO 41372 - Friends Stephanies Gymnastik-Show, Bauset"
186,5702016370188,not available,,"LEGO 41374 - Friends Andreas Pool-Party, Bauset"
187,5702016370195,"96,98","129,99€","LEGO 41375 - Friends Vergnügungspark von Heartlake City, Bauset"
188,5702016370171,"26,99","39,99€","LEGO 41373 - Friends Lustiges Oktopus-Karussell, Bauset"
189,5702016367898,"37,99","49,99€",LEGO 31095 - Creator 3-in-1-Set Jahrmarktkarussell
190,5702016537802,"21,99","29,99€","LEGO 41337 - Friends Schaukel mit Looping im Vergnügungspark, Bauset"
191,5702016537819,"42,99","59,99€","LEGO 41379 - Friends  Heartlake City Restaurant, Bauset"
192,5702016368468,"16,99","19,99€","LEGO Harry Potter und der Gefangene von Askaban – Expecto Patronum (75945), Bauset"
193,5702016365405,"13,99","19,99€","LEGO 70418 Hidden Side J.B.’s Geisterlabor Kinderspielzeug, Augmented Reality Funktionen"
194,5702016365429,"23,99","29,99€","LEGO 70420 Hidden Side Geheimnisvoller Friedhof Kinderspielzeug, Augmented Reality Funktionen"
195,5702016365436,"24,00","39,99€","LEGO 70421 Hidden Side EL Fuego´s Stunt Truck Kinderspielzeug, Augmented Reality Funktionen"
196,5702016365443,"29,00","49,99€","LEGO 70422 Hidden Side Angriff auf die Garnelen-Hütte Kinderspielzeug, Augmented Reality Funktionen"
197,5702016367195,"49,00","79,99€","LEGO 70424 Hidden Side Geister-Expresszug Kinderspielzeug, Augmented Reality Funktionen"
198,5702016542714,not available,,
199,5702016604139,"14,99","19,99€",LEGO Harry Potter 75965 - Der Aufstieg von Voldemort
200,5702016370270,not available,,"LEGO 41382 Friends Adventskalender, Bauset, Mehrfarbig"
201,5702016111699,not available,,"LEGO Disney Princess 41155 - Frozen Elsas Abenteuer auf dem Markt, Spielzeug für Mädchen und Jungen"
202,5702016110487,"10,99",,LEGO DC Super Heroes Mighty Micros: Supergirl vs. Brainiac 76094 Superheldenspielzeug für Mädchen und Jungen
203,5702016111705,"21,80",,"LEGO 41156 Disney Princess Rapunzels Schlafgemach, bunt, 20,5 x 4,6 x 19,1 cm"
204,5702016109023,not available,,LEGO DC Super Heroes Batman: Brother Eye Gefangennahme (76111) beliebtes Kinderspielzeug
205,5702016367812,"12,89","14,99€",LEGO Creator 31086 - Flugzeug der Zukunft
206,5702016367843,"13,99","19,99€",LEGO Creator 31089 - Rennwagen
207,5702016367881,"20,99","29,99€",LEGO Creator 31094 - Rennflugzeug
208,5702016364330,not available,,LEGO Disney 41158 - Jasmins kleiner Turm
209,5702016368604,not available,,LEGO Disney 41163 - Rapunzels kleiner Turm
210,5702016367515,"37,99","49,99€","LEGO Duplo Disney 10889 - Mickys Ferienhaus, Bauset"
211,5702016369045,"74,99","99,99€","LEGO DC Batman Clayface 76122 - Invasion in die Bathöhle, Bauset"
212,5702016369762,"29,99","39,99€","LEGO DC Batman 76138 - Joker auf der Flucht und Batman, Bauset"
213,5702015357159,"8,99","14,99€","LEGO Classic 10701 - Graue Bauplatte, Lernspielzeug"
214,5702015866309,"13,94",,LEGO City 60163 - Küstenwache-Starter-Set
215,5702015866316,not available,,LEGO City 60164 - Rettungsflugzeug
216,5702016077490,"19,99",,"LEGO City 60180 - Starke Fahrzeuge Monster-Truck, Kinderspielzeug"
217,5702016108798,"16,90",,LEGO City Arktis-Expeditionsteam 60191 Kinderspielzeug
218,5702016109795,"142,99","189,99€",LEGO City Güterzug (60198) Kinderspielzeug
219,5702016369816,"7,99","9,99€","Lego 60206 City Polizei Flugzeugpatrouille, bunt"
220,5702016369779,"20,99","29,99€","Lego 60208 City Polizei Flucht mit dem Fallschirm, bunt"
221,5702016367768,"7,99","9,99€",LEGO Classic 11001 - Bausteine - Erster Bauspaß
222,5702016369519,"7,99","9,99€",LEGO City 60219 Frontlader
223,5702016369533,"16,76","19,99€",LEGO City 60221 Tauchyacht
224,5702016369786,"6,99","9,99€","Lego 60236 City Gerade und T-Kreuzung, bunt"
225,5702016369250,"11,99","14,99€",LEGO City 60213 Feuerwehr am Hafen
226,5702016367904,"36,99","49,99€",LEGO 31096 - Creator 3-in-1-Set Doppelrotor-Hubschrauber
227,5702016370522,"28,99",,LEGO City 60232 - Große Werkstatt
228,5702016370539,"59,83","79,99€",LEGO City 60233 - Große Donut-Shop-Eröffnung
229,5702016370553,"29,21",,LEGO City 60234 - Stadtbewohner – Jahrmarkt
230,5702016111880,"43,81","59,99€","LEGO Architecture 21039 - Shanghai, Sammlermodell"
231,5702016370959,"11,99","14,99€","LEGO Speed Champions 75891 - Chevrolet Camaro ZL1, Rennwagen"
232,5702016618327,"15,99","19,99€",LEGO 76896 Speed Champions Nissan GT-R NISMO Rennwagenspielzeug
233,5702016616675,"25,49","29,99€",LEGO 75967 Der Verbotene Wald: Begegnung mit Umbrid
234,5702016616668,"17,99","19,99€","LEGO 75966 Harry Potter Der Raum der Wünsche auf Schloss Hogwarts, Bauset, Mehrfarbig"
235,5702016616699,"83,99","99,99€",LEGO 75969 Astronomieturm auf Schloss Hogwarts™
236,5702016616682,"62,92","69,99€",LEGO 75968 Ligusterweg 4
237,5702016685510,"32,99","39,99€","LEGO 75979 Harry Potter Hedwig, Bauset, Mehrfarbig"
238,5702016617962,"89,99","99,99€",LEGO 60262 Passagierflugzeug
239,5702016617955,"48,84","49,99€",LEGO 60261 Flughafen
240,5702016616859,"7,99","9,99€","LEGO 70687 NINJAGO Lloyds Spinjitzu-Kreisel, Mehrfarbig"
241,5702016619331,"52,90","59,99€","LEGO 76152 Marvel Super Heroes Avengers – Lokis Rache, Mehrfarbig"
242,5702016619348,"100,06","119,99€","LEGO 76153 Marvel Super Heroes Avengers Helicarrier, Mehrfarbig"
243,5702016619379,"9,99",,"LEGO 76158 DC Universe Super Heroes Verfolgung des Pinguins – mit dem Batboa, Mehrfarbig"
244,5702016619386,"41,99","49,99€","LEGO 76159 DC Universe Super Heroes Jokers Trike-Verfolgungsjagd, Mehrfarbig"
245,5702016619393,"80,99",,"LEGO 76160 DC Universe Super Heroes Mobile Batbasis, Mehrfarbig"
246,5702016619577,"33,99","39,99€",LEGO 76157 DC Universe Super Heroes Wonder Woman vs Cheetah
247,5702016668667,"17,99","19,99€","LEGO 41907 DOTs Stiftehalter mit Schublade, Mehrfarbig"
248,5702016668575,"4,99","5,99€","LEGO 41911 DOTs Retro Armband, Mehrfarbig"
249,5702016668674,"18,28","24,99€","LEGO 41913 DOTs Freundschaftsarmbänder Kreativset, Mehrfarbig"
250,5702016668681,"17,99","19,99€","LEGO 41914 DOTs Bilderrahmen, Mehrfarbig"
251,5702016668698,"16,99",,"LEGO 41915 DOTs Schmuckbox, Mehrfarbig"
252,5702016668599,"3,99",,"LEGO 41916 DOTs Armband Ergänzungsset Comic, Mehrfarbig"
253,5702016668605,"4,99","5,99€","LEGO 41917 DOTs Wunderland Armband, Mehrfarbig"
254,5702016668629,"4,99","5,99€","LEGO 41919 DOTs Superhelden Armband, Mehrfarbig"
255,5702016616835,"7,99","9,99€","LEGO 70685 NINJAGO Coles Spinjitzu-Kreisel, Mehrfarbig"
256,5702016616842,not available,,"LEGO 70686 NINJAGO Kais Spinjitzu-Kreisel, Mehrfarbig"
257,5702016617078,"86,99",,"LEGO 71722 NINJAGO Verlies des Totenkopfmagiers, Mehrfarbig"
258,5702016617061,"66,99",,"LEGO 71721 NINJAGO Drache des Totenkopfmagiers, Mehrfarbig"
259,5702016617054,"62,92","69,99€","LEGO 71720 NINJAGO Feuer-Stein-Mech, Mehrfarbig"
260,5702016617047,"42,99","49,99€","LEGO 71719 NINJAGO Zanes Mino-Monster, Mehrfarbig"
261,5702016617030,"18,99","19,99€","LEGO 71718 NINJAGO WUS gefährlicher Drache, Mehrfarbig"
262,5702016617023,not available,,"LEGO 71717 NINJAGO Reise zu den Totenkopfverliesen, Mehrfarbig"
263,5702016616910,"102,98","129,99€","LEGO 71705 NINJAGO Ninja-Flugsegler, Mehrfarbig"
264,5702016616903,"33,99","39,99€","LEGO 71704 NINJAGO Kais Super-Jet, Mehrfarbig"
265,5702016616897,"23,76","29,99€","LEGO 71703 NINJAGO Kräftemessen mit dem Donner-Jet, Mehrfarbig"
266,5702016616460,"54,99","59,99€",LEGO 42107 Ducati Panigale V4 R
267,5702016619157,"82,98","99,99€","LEGO 41430 Friends Wasserpark von Heartlake City, Mehrfarbig"
268,5702016619140,"64,89","69,99€","LEGO 41429 Friends Heartlake City Flugzeug, Mehrfarbig"
269,5702016619133,"42,98","49,99€","LEGO 41428 Friends Strandhaus mit Tretboot, Mehrfarbig"
270,5702016619126,"19,99","29,99€","LEGO 41427 Friends Emmas Mode-Geschäft, Mehrfarbig"
271,5702016619119,"19,99",,"LEGO 41426 Friends Heartlake City Waffelhaus, Mehrfarbig"
272,5702016619102,"9,99",,"LEGO 41425 Friends Olivias Blumengarten, Mehrfarbig"
273,5702016618853,"30,98","39,99€","LEGO 41398 Friends 4+ – Stephanies Familienhaus, Mehrfarbig"
274,5702016618655,"49,98","49,99€","LEGO 43180 Disney Princess Belles winterliches Schloss, Mehrfarbig"
275,5702016117288,"14,99","19,99€",LEGO DUPLO Eisenbahn Schienen (10882) Konstruktionsspielzeug
276,5702016369359,not available,,"Lego 42090 Technic Fluchtfahrzeug, bunt"
277,5702015591218,not available,,"LEGO Architecture 21028 - New York City, Skyline-Kollektion, Bausteine"
278,5702016369557,not available,,"LEGO Transporter 60223 für Mähdrescher, Kinderspielzeug"
279,5702016368260,"132,99",,"LEGO Creator 10265 Ford Mustang 1960, seltene Sets"
280,5702016111828,"136,90","149,99€","LEGO Creator 10262 James Bond™ Aston Martin DB5, seltene Sets"
281,5702015865296,"110,64",,"LEGO Creator 10258 Londoner Bus, seltene Sets"
282,5702016367799,not available,,"LEGO Classic 11004 - Bausteine kreativ mit Fenstern, Bauset"
283,5702016618167,"7,99","9,99€","LEGO 10927 DUPLO Pizza-Stand Spielset mit Pizza und einer Hundefigur, Große Steine Spielzeug für Kleinkinder ab 2 Jahren"
284,5702016117271,"89,99","119,99€",LEGO DUPLO Güterzug (10875) Kinderspielzeug
285,5702015643092,"100,90",,Lego 10220 - Creator Volkswagen T1 Campingbus
286,5702015357197,"37,95","44,99€",Lego 10698 - Classic Große Bausteine-Box
287,5702016367850,"16,91","19,99€",LEGO Creator 31090 - Unterwasser-Roboter
288,5702015591171,"84,83",,"LEGO Creator 10252 VW Käfer, seltene Sets"
289,5702016110371,"9,80",,LEGO Figur Nearly Headless Nick --Harry Potter-- (aus 75954)
290,5702016368338,"72,95","99,99€","LEGO 21046 - Architecture Empire State Building, Bauset"
291,5702016368314,"34,99","49,99€",LEGO Architecture 21044 Paris
292,5702016368307,"37,29","49,99€",LEGO Architecture 21043 San Francisco
293,5702015865333,not available,,"LEGO Architecture 21034 - London, Skyline Sammlungsset"
294,5702016370942,"13,49","14,99€","LEGO Speed Champions 75890 - Ferrari F40 Competizione, Rennwagen"
295,5702015868204,not available,,LEGO Star Wars 75528 - Rey
296,5702016618334,"15,99","19,99€",LEGO 76897 Speed Champions 1985 Audi Sport Quattro S1 Rennwagenspielzeug
297,5702016367317,not available,,LEGO NINJAGO 70661 - Spinjitzu Zane
298,5702016617177,"21,24","29,99€","LEGO 75271 - Luke Skywalkers Landspeeder, Star Wars, Bauset"
299,5702016370706,"94,19","119,99€","LEGO Star Wars 75243 Slave I – 20 Jahre LEGO Star Wars, Bauset"
300,5702016370676,not available,,"LEGO Star Wars 75240 Resistance Major Vonreg’s TIE-Fighter, Bauset"
301,5702016116915,"98,00","99,99€","LEGO Technic 42077 - Rallyeauto, Set für geübte Baumeister"
302,5702016100600,"17,98",,LEGO Elves Emily Jones und die Flucht auf dem Adler 41190 Kreatives Spielen
303,5702016370928,"29,99",,"LEGO Minecraft 21154 - Die Brücke, Bauset"
304,5702016616958,"20,91","29,99€","LEGO 71709 NINJAGO Jay und Lloyds Power-Flitzer mit Flugzeug- und Fahrradrennfahrern, Bauset"
305,5702016077544,not available,,"LEGO City 60173 - Bergpolizei Festnahme in den Bergen, Kinderspielzeug"
306,5702016370799,not available,,"LEGO 75257 Star Wars Millennium Falcon, Bauset, Mehrfarbig"
307,5702016367485,"29,99","39,99€",LEGO NINJAGO 70668 - Jays Donner-Jet
308,5702016618822,"55,99","69,99€","LEGO 41395 - Freundschaftsbus, Friends, Bauset"
309,5702016111613,not available,,LEGO Friends 41339 - Mias Wohnmobil Cooles Kinderspielzeug
310,5702016370461,not available,,"LEGO Star Wars 75259 - Das Imperium schlägt zurück Snowspeeder – 20 Jahre LEGO Star Wars, Bauset"
311,5702016111859,"76,89","99,99€","LEGO 21042 Architecture Freiheitsstatue, Mehrfarbig"
312,5702016116960,"174,72","229,99€","LEGO Technic Geländegängiger Kranwagen (42082), Bauspielzeug"
313,5702016370966,"13,49","14,99€",LEGO Speed Champions 75892 McLaren Senna
314,5702016617009,"8,69","9,99€","LEGO 71715 NINJAGO Avatar Jay – Tragbare Arcade Kapsel, Ninja-Spielzeug für Kinder zum Sammeln"
315,5702016616996,"9,76","9,99€","LEGO 71714 NINJAGO Avatar Kai – Tragbare Arcade Kapsel, Ninja-Spielzeug für Kinder"
316,5702016111774,"38,03",,"LEGO 31078 Baumhausschätze, Bunt"
317,5702016617337,"45,07","59,99€",LEGO 21051 Architecture Tokio Skyline-Kollektion Sammlerset
318,5702016394757,not available,,LEGO DUPLO 10908 - Flugzeug
319,5702016618617,"14,90","19,99€","LEGO 43175 - Anna und Elsa Märchenbuch, Disney Princess, Bauset"
320,5702016368062,"57,99","79,99€","Lego 42095 Technic Ferngesteuerter Stunt-Racer, bunt"
321,5702016267006,not available,,"LEGO 31083 Abenteuer Yacht, bunt"
322,5702016093971,not available,,"Lego 42090 Technic Fluchtfahrzeug, bunt"
323,5702016367355,"9,99","14,99€",LEGO NINJAGO 70665 - Samurai-Roboter
324,5702015865258,"41,89",,"LEGO City 60138 Polizei, Rasante Verfolgungsjagd, Konstruktionsspielzeug"
325,5702016618358,"47,99","59,99€",LEGO 76899 Speed Champions Lamborghini Urus ST-X & Lamborghini Huracán Super Trofeo EVO Rennwagen-Set
326,5702016618310,"16,99","19,99€",LEGO 76895 Speed Champions Ferrari F8 Tributo Rennwagenspielzeug
327,5702016617894,"7,99","9,99€","LEGO 60255 Stunt-Team City Team Spielset mit Quad, Motorrad und Stunt-Rampe mit Flammen"
328,5702016618297,"7,99","9,99€",LEGO 21162 Minecraft Das Taiga-Abenteuer Spielzeug
329,5702016618273,"54,36","69,99€",LEGO 21160 Minecraft The Raid Der Illager-Überfall Abenteuerspielzeug
330,5702016619270,"8,99","9,99€",LEGO 76146 Marvel Super Heroes Spider-Man Mech Spielset
331,5702016618037,"8,49","9,99€",LEGO 76141 Marvel Super Heroes Thanos Mech Kampf-Actionfigur
332,5702016618020,"7,99","9,99€",LEGO 76140 Marvel Super Heroes Iron Man Mech Kampf-Actionfigur
333,5702016617863,"13,99","19,99€","LEGO 60252 Bagger auf der Baustelle City Spielzeug mit Starter-Steinen und Kran, für Kinder ab 4 Jahren"
334,5702016617856,"7,19","9,99€",LEGO 60251 Monster-Truck City Spielzeug für Kinder ab 5 Jahren
335,5702016617832,"7,99","9,99€",LEGO 60249Straßenkehrmaschine City Bauset für Kinder ab 5 Jahren
336,5702016618266,"21,02","29,99€",LEGO 21159 Minecraft Der Plünderer-Außenposten Abenteuerspielzeug
337,5702016618235,"13,99","14,99€",LEGO 21156 Minecraft BigFig Creeper und Ozelot Bauset
338,5702016367508,"57,99","79,99€",LEGO NINJAGO 70670 - Kloster des Spinjitzu
339,5702016077483,"39,90",,"LEGO City 60179 - Starke Fahrzeuge Rettungshubschrauber, Unterhaltungsspielzeug"
340,5702016109573,not available,,"LEGO City 60176 - Gebirgspolizei Flucht durch die Stromschnellen, Beliebtes Kinderspielzeug"
341,5702016109467,not available,,LEGO City 60193 Arktis-Frachtflugzeug
342,5702016117264,"43,57","59,99€",LEGO DUPLO Dampfeisenbahn 10874 Spielzeugeisenbahn
343,5702016618877,"9,99",,"LEGO 41401 Friends Stephanies magischer Würfel, Sammlerbauset, Mini-Spielset, tragbares Spielzeug für unterwegs"
344,5702016616064,"7,99","9,99€","LEGO 31100 Creator 3-in-1 Sportwagen-, Hot Rod-, Flieger-Bauset, Spielzeuge für Kinder ab 7 Jahren für Jungen und Mädchen"
345,5702016617016,"7,49","9,99€","LEGO 71716 NINJAGO Avatar Lloyd - Tragbare Arcade Kapsel, Ninja-Spielzeug für Kinder zum Sammeln"
346,5702016616941,"25,99","34,99€","LEGO 71708 NINJAGO Marktplatz, Minifiguren-Set mit Digi Jay, Avatar Pink Zane und Avatar Harumi"
347,5702016616934,"16,39","19,99€","LEGO 71707 NINJAGO Kais Mech Jet, 2-in-1 Bauset"
348,5702016616927,"8,99","9,99€","LEGO 71706 NINJAGO Coles Speeder, Bauset für Kinder im Vorschulalter"
349,5702016618891,not available,,"LEGO 41403 Friends Mias magischer Würfel, Sammlerbauset, Mini-Spielset, tragbares Spielzeug für unterwegs"
350,5702016616590,"13,99","19,99€","LEGO 11008 Classic Bausteine - bunte Häuser Bauset, Spielzeug für Vorschulkinder ab 4 Jahren mit 6 einfachen Modellen"
351,5702016618150,"13,44","14,99€","LEGO 10926 DUPLO Kinderzimmer-Spielbox für Kleinkinder ab 2 Jahren, Große Steine Lernspielzeug"
352,5702016618112,"23,67","29,99€","LEGO 10921 DUPLO Iron Mans Labor-Treffpunkt Set mit einer Spider-Man-, Iron Man- und Captain America-Figur, Set für Kleinkinder ab 2 Jahren"
353,5702016618105,"16,99","19,99€","LEGO 10920 DUPLO Frozen II Teeparty mit Elsa und Olaf, großes Steine-Set mit Cupcakes und einer Teekanne, für Kleinkinder ab 2 Jahren"
354,5702016618082,"4,99",,"LEGO 10918 DUPLO Mein erstes Abschleppauto, Starter-Set für Kleinkinder im Alter von 1, 5 Jahren"
355,5702016667837,not available,,
356,5702016618068,"46,04","59,99€","LEGO 76144 - Marvel Super Heroes, Avengers Hulk Helikopter Rettung, Bauset"
357,5702016616873,not available,,
358,5702016617849,not available,,
359,5702015592574,not available,,
360,5702015868563,"74,90",,LEGO Star Wars 75185 - Tracker I Raumschiff Spielzeug
361,5702016368116,not available,,THE LEGO MOVIE 2 70829 Emmets und Lucys Flucht-Buggy!
362,5702016110654,"84,00",,LEGO 75217 Star Wars New 09-2018
363,5702016109504,not available,,"LEGO City 60184 - Bergbauprofis Bergbauteam, Konstruktionsspielzeug"
364,5702016368734,not available,,"Lego 41355 Friends Emmas Herzbox, bunt"
365,5702016595468,"12,79","14,99€","LEGO Speed Champions – 1974 Porsche 911 Turbo 3.0 (75895), Bauset"
366,5702016370683,"42,99","59,99€","LEGO Star Wars 75241 - Action Battle, Bauset"
367,5702016370393,not available,,LEGO Star Wars 75233 - Droid Gunship
368,5702016365535,"55,99","57,81€","Lego Ninjago 70676 Lloyds Titan-Mech, Bauset"
369,5702016369489,"75,68","99,99€",LEGO City 60216 Feuerwehr in der Stadt
370,5702016365559,"74,99","99,99€","Lego Ninjago 70678 Festung im ewigen Eis, Bauset"
371,0729378169385,not available,,
372,5702016617474,"73,99","99,99€","LEGO 42108 - Kran-LKW, Technic, Bauset"
373,5702016616408,"7,99","9,99€","LEGO 42101 - Strandbuggy, Technic, Bauset"
374,5702016617481,"95,99","129,99€","LEGO 42109 - Top-Gear Ralleyauto mit App-Steuerung, Technic, Bauset"
375,5702016616439,"17,89","19,99€","LEGO 42104 - Renn-Truck, Technic, Bauset"
376,5702016618785,"15,99","19,99€","LEGO 41391 - Friseursalon von Heartlake City, Friends, Bauset"
377,5702016618815,"41,99","59,99€","LEGO 41394 - Krankenhaus von Heartlake City, Friends, Bauset"
378,5702016618846,"17,99","19,99€","LEGO 41397 - Mobile Strandbar, Friends, Bauset"
379,5702016616750,"8,99","9,99€","LEGO 41389 - Stephanies mobiler Eiswagen, Friends, Bauset"
380,5702016617184,"55,48","69,99€","LEGO 75272 - Sith TIE Fighter, Star Wars, Bauset"
381,5702016617191,"79,95","99,99€","LEGO 75273 - Poe Damerons X-Wing Starfighter, Star Wars, Bauset"
382,5702016617115,"14,99","19,99€","LEGO 75265 - T-16 Skyhopper vs Bantha Microfighters, Star Wars, Bauset"
383,5702016617122,"12,39","14,99€","LEGO 75266 - Sith Troopers Battle Pack, Star Wars, Bauset"
384,5702016617139,"13,49","14,99€","LEGO 75267 - Mandalorianer Battle Pack, Star Wars, Bauset"
385,5702016617146,"15,99","19,99€","LEGO 75268 - Snowspeeder, Star Wars, Bauset"
386,5702016617153,not available,,"LEGO 75269 - Duell auf Mustafar, Star Wars, Bauset"
387,5702016617160,"22,99","29,99€","LEGO 75270 - Obi-Wans Hütte, Star Wars, Bauset"
388,5702016616088,"13,99","19,99€","LEGO 70427 - Hidden Side Portal, Hidden Side, Bauset"
389,5702016616125,"39,99","49,99€","LEGO 70431 - Der Leuchtturm der Dunkelheit, Hidden Side, Bauset"
390,5702016617092,"7,99","9,99€","LEGO 75263 - Widerstands Y-Wing Microfighter, Star Wars, Bauset"
391,5702016617825,"14,99","19,99€","LEGO 60248 - Einsatz mit dem Feuerwehrhubschrauber, City, Bauset"
392,5702015868723,"119,80","119,99€",LEGO Super Heroes 76087 - Flying Fox: Batmobil-Attacke aus der Luft
393,5702016117257,"14,99","19,99€",LEGO DUPLO Minnies Geburtstagsparty 10873 Disney Spielzeug
394,5702016110326,"169,90",,LEGO Marvel Super Heroes 76105 Der Hulkbuster: Ultron Edition
395,5702016109511,not available,,"LEGO City 60185 - Bergbauprofis Power-Spalter, Konstruktionsspielzeug"
396,5702016370485,"75,68","99,99€","LEGO 60228 - City Weltraumrakete mit Kontrollzentrum, Bauset"
397,5702016093247,"36,43",,LEGO Technic 42071 - Raddozer Set für geübte Baumeister
398,5702016093261,not available,,"LEGO Technic 42073 Rückziehauto, Set für geübte Baumeister"
399,5702016108781,not available,,LEGO City Arktis-Eisgleiter 60190 Kinderspielzeug
400,5702016111996,not available,,LEGO Friends Heartlake City Resort 41347 Kinderspielzeug
401,5702015868716,"47,99","49,99€",LEGO Super Heroes 76086 - Knightcrawlers Tunnel-Attacke
402,5702016077520,not available,,"LEGO City 60183 - Starke Fahrzeuge Schwerlasttransporter, Beliebtes Kinderspielzeug"
403,5702016110289,"12,79","14,99€","LEGO Speed Champions – 1974 Porsche 911 Turbo 3.0 (75895), Bauset"
404,5702016109054,not available,,LEGO Speed Champions 1968 Ford Mustang Fastback 75884 Konstruktionsspielzeug
405,5702016111675,not available,,"LEGO Disney 41153 - Princess Arielles königliches Hochzeitsboot, Kinderspielzeug"
406,5702016117356,"22,99","24,67€",LEGO Juniors Flucht vor dem Pteranodon 10756 cooles Kinderspielzeug
407,5702016109962,"84,50",,"LEGO Star Wars 75202 - Defense of Crait, Spielzeug"
408,5702016110463,"27,88",,LEGO DC Super Heroes Superman & Krypto Team-Up 76096 Superheldenspielzeug für Kinder
409,5702016109955,"53,10","56,90€","LEGO Star Wars 75201 - First Order AT-ST, Spielzeug"
410,5702016370478,"37,99","49,99€","LEGO 60227 - City Mond Raumstation, Bauset"
411,5702016092783,not available,,"LEGO Creator 31081 - Modulares Freizeitzentrum, Bauspielzeug"
412,5702016110685,"88,99",,"LEGO Ninjago 70653 Mutter der Drachen, Kinderspielzeug"
413,5702016365498,"16,11","19,99€","Lego Ninjago 70672 Coles Offroad-Bike, Bauset"
414,5702016365528,not available,,"Lego Ninjago 70675 Katana 4x4, Bauset"
415,5702016369724,"42,62","59,99€","LEGO Marvel Spider-Man 76130 - Far From Home Stark-Jet und der Drohnenangriff, Bauset"
416,5702016368246,not available,,LEGO Disney 41160 - Arielles Meeresschloss
417,5702016367683,"8,99","9,99€","LEGO Duplo Town 10904 - Süße Tierkinder, Bausteine"
418,5702016117578,"72,50",,LEGO Juniors Ausbruch des Tyrannosaurus Rex 10758 Konstruktionsspielzeug
419,5702016367676,"36,99","49,99€",LEGO DUPLO 10903 - Feuerwehrwache
420,5702016369922,not available,,"Lego 60209 City Polizei Diamantenraub, bunt"
421,5702015869768,"249,90","249,99€",LEGO Technic 42070 - Allrad Abschleppwagen
422,5702015864237,"17,40",,"LEGO Juniors 10730 - Lightning McQueens Beschleunigungsrampe, Auto-Spielzeug"
423,5702016116939,not available,,"LEGO Technic 42078 - Mack Anthem, Konstruktionsspielzeug"
424,5702016368598,not available,,LEGO Disney 41162 - Jubiläumsfeier der Prinzessinnen
425,5702016604108,"11,98",,LEGO Minifiguren 71005 The Simpsons: Krusty the Clown
426,5702016110678,not available,,"LEGO Ninjago 70652 Blitzdrache, Kinderspielzeug"
427,5702016109634,"6,95",,LEGO Figur Killerhase - Killer Hase -- Minecraft -- (aus Set 21145)
428,5702016100655,"74,90",,"LEGO 41195 Elves Finale Auseinandersetzung zwischen Emily und Noctura, Mehrfarbig"
429,5702015866491,not available,,LEGO 41319 Friends Kakaowagen am Wintersportort
430,5702016373042,"5,92",,Lego Ninjago Legacy 30533
431,5702016109993,not available,,LEGO Star Wars Jedi und Clone Troopers Battle Pack 75206 Star Wars Spielzeug
432,5702016117332,not available,,"LEGO Juniors 10754 - Großes Kräftemessen von Spider-Man und Skorpion, Konstruktionsspielzeug"
433,5702016367911,"64,99","79,99€",LEGO 31097 - Creator 3-in-1-Set Stadthaus mit Zoohandlung & Café
434,5702016604115,"151,99","179,99€","LEGO 42110 Technic Land Rover Defender, Bauset, Mehrfarbig"
435,5702016370782,"94,99","119,99€","LEGO 75256 Star Wars Kylo Rens Shuttle, Bauset, Mehrfarbig"
436,5702016370775,"79,99","99,99€","LEGO 75255 Star Wars Yoda, Bauset, Mehrfarbig"
437,5702016370768,not available,,"LEGO 75254 Star Wars AT-ST-Räuber, Bauset, Mehrfarbig"
438,5702016370737,not available,,"LEGO 75248 Star Wars Widerstands A-Wing Starfighter, Bauset, Mehrfarbig"
439,5702016370720,"14,99","19,99€","LEGO 75246 Star Wars Todesstern Kanone, Bauset, Mehrfarbig"
440,5702016368659,"29,99","39,99€","LEGO 41168 princesas Disney Elsas Schmuckkästchen, Bauset, Mehrfarbig"
441,5702016368642,"58,32","79,99€","LEGO 41167 princesas Disney Schloss Arendelle, Bauset, Mehrfarbig"
442,5702015870375,"39,75",,"LEGO The Batman Movie 70913 - Kräftemessen mit Scarecrow, Spielzeug"
443,5702015870399,"59,99",,"LEGO The Batman Movie 70914 - Der Gifttruck von Bane, Bausteinspielzeug"
444,5702015870405,"90,97",,"LEGO The Batman Movie 70915 - Doppeltes Unheil durch Two-Face, Kinderspielzeug"
445,5702015870412,"84,50","89,99€","LEGO The Batman Movie 70916 - Batwing, Kinderspielzeug"
446,5702015870429,"199,90",,"LEGO The Batman Movie 70917 - Das ultimative Batmobil, Spielzeug"
447,5702015864244,"42,99",,"LEGO Brickheadz 41585 - Batman, Batman Geschenk"
448,5702015868976,"32,15",,"LEGO Brickheadz 41588 - The Joker, Batman Geschenk"
449,5702015869041,"17,49",,"LEGO Brickheadz 41594 - Captain Armando Salazar, Cooles Spielzeug"
450,5702015866828,"4,99",,LEGO Minifigures 71019 - The Ninjago Movie
451,5702016093018,not available,,"LEGO The Batman Movie 70919 - The Justice League Anniversary Party, Spielzeug"
452,5702016093025,not available,,"LEGO The Batman Movie 70920 - Egghead bei der Roboter-Essenschlacht, Spielzeug"
453,5702016093032,"47,99","49,99€","LEGO The Batman Movie 70921 - Harley Quinn Kanonenkugelattacke, Spielzeug"
454,5702016396294,not available,,"Lego 42088 Technic Hubarbeitsbühne, bunt"
455,5702016369366,"14,99","19,99€","Lego 42091 Technic Polizei-Verfolgungsjagd, bunt"
456,5702016369571,"21,99","29,99€","LEGO Technic 42092 - Rettungshubschrauber, Spielzeug"
457,5702016368055,"73,90",,"Lego 42094 Technic Raupenlader, bunt"
458,5702016369878,"18,16",,Chirsemey LED Licht Kit ABS Baustein Auto Beleuchtung Kit Auto Modell Beleuchtung Werkzeuge für Porsche 911RSR Baustein Auto LEGO 42096 graceful
459,5702016367935,not available,,THE LEGO MOVIE 2 70821 Emmets und Bennys Bau- und Reparaturwerkstatt!
460,5702016367959,"11,59","11,91€",THE LEGO MOVIE 2 70823 Emmets Dreirad!
461,5702016368079,"22,38","39,99€",THE LEGO MOVIE 2 70825 Königin Wasimma Si-Willis Bau-Was-Du-Willst-Box!
462,5702016368086,not available,,THE LEGO MOVIE 2 70826 Rex’ „Rextremes“ Offroad-Fahrzeug
463,5702016368093,"24,99","29,99€",THE LEGO MOVIE 2 70827 Ultrakatty & Krieger-Lucy!
464,5702016368130,"59,60","59,99€",THE LEGO MOVIE 2 70831 Emmets Traumhaus/Rettungsrakete!
465,5702016368192,not available,,THE LEGO MOVIE 2 70836 Einsatzbereiter Batman™ und EisenBart
466,5702016395396,not available,,THE LEGO MOVIE 2 70841 Bennys Weltraum-Team
467,5702016372250,"6,25",,Mini-Baumeister Emmet
468,5702016368215,"4,20","6,28€",LEGO Movie 2 30340 Emmets Herz / Emmet´s 'Piece' Offering
469,5702016368222,"145,90","149,99€","The Lego Movie 2 70839 Die Rexcelsior, Bauset"
470,5702014518254,not available,,"LEGO Technic 8293 - Power Functions, Tuning-Set"
471,5702015866743,"9,99",,LEGO Star Wars 75163 - Microfighter
472,5702015867580,"52,95",,LEGO Star Wars 75169 - Duel on Naboo Spielzeug
473,5702015868099,"75,90",,LEGO Speed Champions 75881 - 2016 Ford GT und 1966 Ford GT40
474,5702015868112,"129,90",,LEGO Speed Champions 75883 - Mercedes Amg Petronas Formel-1-Team
475,5702015866781,"24,49",,LEGO Star Wars 75166 - First Order Transport Speeder Battle Pac Auto Spielzeug
476,5702015868518,"56,00","59,99€",LEGO Star Wars 75178 - Jakku Quadjumper Raumschiff Spielzeug
477,5702015868532,"84,34",,LEGO Star Wars 75180 - Rathtar Escape Spielzeug
478,5702015868549,not available,,LEGO Star Wars 75182 - Republic Fighter Tank Auto Spielzeug
479,5702015868556,"72,95",,"LEGO Star Wars 75183 Darth Vader Transformation, Kinderspielzeug"
480,5702015869874,"144,95",,LEGO Star Wars 75186 - The Arrowhead Raumschiff Spielzeug
481,5702015868235,"69,90",,"LEGO Star Wars 75531 - Stormtrooper Commander, Baufigur"
482,5702015868242,"68,98",,"LEGO Star Wars 75532 - Scout Trooper und Speeder Bike, Baufigur"
483,5702015868044,"29,89",,LEGO Speed Champions 75880 - McLaren 720S
484,5702015592352,"69,89",,LEGO Ninjago 70614 - Jay's Jet Blitz
485,5702015592628,"117,95",,"LEGO 70617 The NINJAGO Movie Bausteine, Bunt"
486,5702015611480,"254,99",,LEGO Ninjago 70618 - Ninja-Flugsegler
487,5702015592604,"109,09",,LEGO Ninjago 70615 - Kai's Feuer Mech
488,5702015869744,"169,90",,LEGO Technic 42068 - Flughafen Löschfahrzeug
489,5702015868181,"27,00",,LEGO Star Wars 75526 - Elite TIE Fighter Pilot
490,5702015868228,"24,99","34,99€",LEGO Star Wars 75530 - Chewbacca
491,5702015868501,"49,98","59,99€",LEGO Star Wars 75177 - First Order Heavy Scout Walker
492,5702015868525,"159,95",,LEGO Star Wars 75179 - Kylo Ren’s TIE Fighter
493,5702015869881,"134,90",,LEGO Star Wars 75187 - BB-8
494,5702015869898,"113,28",,LEGO Star Wars 75188 - Resistance Bomber
495,5702015869904,not available,,LEGO Star Wars 75189 - First Order Heavy Assault Walker
496,5702016093254,"36,50",,"LEGO Technic 42072 - Zack Rückziehauto, Set für geübte Baumeister"
497,5702016093988,"15,97",,"LEGO Technic 42084 - Absetzkipper, Set für geübte Baumeister"
498,5702016116908,"78,90",,"LEGO Technic 42076 - Luftkissenboot, Set für geübte Baumeister"
499,5702016109948,"32,99",,"LEGO Star Wars 75200 - Ahch-To Island Training, Spielzeug"
500,5702016109979,"40,00",,"LEGO Star Wars 75204 - Sandspeeder, Spielzeug"
501,5702016176346,not available,,"LEGO Building Bigger Thinking 10401 - Spaß mit dem Regenbogen, Bauspielzeug"
502,5702016176575,"32,29",,"LEGO Building Bigger Thinking 10404 - Am Meeresgrund, cooles Kinderspielzeug"
503,5702016109061,"25,99",,"LEGO Speed Champions 75885 - Ford Fiesta M-Sport WRC, Konstruktionsspielzeug"
504,5702016110258,not available,,LEGO Speed Champions Porsche 919 Hybrid 75887 Konstruktionsspielzeug
505,5702016110302,"109,90",,LEGO Speed Champions Ferrari Ultimative Garage 75889 Konstruktionsspielzeug
506,5702016112108,"24,95","29,99€",LEGO Star Wars Han Solo 75535 Baubare Figur
507,5702016112122,"44,89",,LEGO Star Wars Darth Maul 75537 Baubare Figur
508,5702016109351,"21,99",,LEGO Star Wars Imperial Patrol Battle Pack 75207 Star Wars Spielzeug
509,5702016109368,not available,,LEGO Star Wars Yodas Hütte 75208 Star Wars Spielzeug
510,5702016110579,"27,90","29,99€",LEGO Star Wars Han Solo‘s Landspeeder 75209 Star Wars Spielzeug
511,5702016110593,not available,,LEGO Star Wars Imperial TIE Fighter 75211 Star Wars Spielzeug
512,5702016110609,"199,99",,LEGO Star Wars Kessel Run Millennium Falcon 75212 Star Wars Spielzeug
513,5702016110173,not available,,LEGO 75926 Pteranodon-Jagd
514,5702016110203,"63,99",,LEGO 75927 Ausbruch des Stygimoloch
515,5702016110234,"64,99",,LEGO Jurassic World Blue’s Hubschrauber-Verfolgungsjagd 75928 Cooles Kinderspielzeug
516,5702016110265,"154,98",,LEGO Jurassic World Indoraptor-Verwüstung des Lockwood Anwesens 75930 Spielzeug für Jungen und Mädchen
517,5702016110616,"44,99",,"LEGO Star Wars Heilkammer auf Hoth (75203), Star Wars Spielzeug"
518,5702016110647,not available,,"LEGO Star Wars Snokes Thronsaal (75216), Star Wars Spielzeug"
519,5702016110630,"29,99",,"LEGO Star Wars Cloud-Rider Swoop-Bikes (75215), Star Wars Spielzeug"
520,5702016110661,not available,,"LEGO Star Wars X-Wing Starfighter (75218), Star Wars Spielzeug für 8-Jährige"
521,5702016111187,"139,99",,"LEGO Star Wars Sandcrawler (75220), Star Wars Spielzeug"
522,5702016116946,"65,90",,"LEGO Technic 42079 Schwerlast-Gabelstapler, Bauset"
523,5702016116953,not available,,"LEGO Technic Volvo Konzept-Radlader ZEUX (42081), Kinderspielzeug"
524,5702016116977,"284,97","369,99€","LEGO Technic Bugatti Chiron (42083), Automodell"
525,5702016116984,"129,00","129,99€","LEGO Technic Harvester-Forstmaschine (42080), Bauspielzeug"
526,5702016367386,not available,,"LEGO Star Wars Porg (75230), Star Wars Spielzeug"
527,5702016370102,not available,,LEGO Star Wars 75224 - Sith Infiltrator Microfighter
528,5702016370119,not available,,LEGO Star Wars 75225 - Elite Praetorian Guard Battle Pack
529,5702016370126,not available,,"LEGO Star Wars 75226 - Inferno Squad Battle Pack, Minifiguren"
530,5702016370379,not available,,LEGO Star Wars 75228 - Escape Pod vs. Dewback Microfighters
531,5702016370386,"26,77","29,99€",LEGO Star Wars 75229 - Flucht vom Todesstern
532,5702016370409,not available,,LEGO Star Wars 75234 - AT-AP Walker
533,5702016370416,"22,41","29,99€",LEGO Star Wars 75235 - X-Wing Starfighter Trench Run
534,5702016370423,not available,,LEGO Star Wars 75237 - TIE Fighter Attack
535,5702016370430,not available,,LEGO Star Wars 75247 - Rebel A-Wing Starfighter
536,5702016370133,not available,,"LEGO Star Wars 75236 - Duell um die Starkiller-Basis, Bauset"
537,5702016370140,not available,,"LEGO Star Wars 75238 Action Battle Endor Attacke, Bauset"
538,5702016370157,"20,99","29,99€",LEGO Star Wars 75239 Generator-Attacke Bauset Bunt
539,5702016370690,"39,99","49,99€","LEGO Star Wars 75242 - Resistance Tie Interceptor mit Allianz-Pilot, Spielzeug"
540,5702016370713,"23,99","29,99€","LEGO Star Wars 75258 Die dunkle Bedrohung Anakin’s Podracer – 20 Jahre LEGO Star Wars, Bauset"
541,5702016368475,not available,,"LEGO 75970 - Overwatch Tracer vs. Widowmaker, Bauset"
542,5702016368499,not available,,"LEGO 75972 - Overwatch Dorado-Showdown, Bauset"
543,5702016368505,"29,99","39,99€","LEGO 75973 - Overwatch D.Va & Reinhardt, Bauset"
544,5702016368512,not available,,"LEGO 75974 - Overwatch Bastion, Bauset"
545,5702016542707,"68,58","89,99€","LEGO 75938 - Jurassic World T. Rex vs. Dino-Mech, Bauset"
546,5702016112092,"79,90",,"LEGO Star Wars 75534 - Darth Vader, Baubare Figur"
547,5702010962327,not available,,
548,5702010965168,not available,,
549,5702010965175,"15,90",,LEGO System Hafen 6517 Jet-Ski-Freak
550,5702010961153,not available,,LEGO System Aquasharks 6115 Propeller-Scooter
551,5702010960088,not available,,
552,5702010961252,not available,,
553,5702010965465,not available,,
554,5702015868655,"59,99",,"LEGO Marvel Super Heroes 76080 - Ayeshas Rache, Superhelden-Spielzeug"
555,5702015868662,"197,99",,"LEGO Marvel Super Heroes 76081 - Die Milano gegen den Abilisk, Superhelden-Spielzeug"
556,5702015865449,"38,95",,LEGO Minecraft 21129 - Die Pilzinsel
557,5702015865456,"79,00",,LEGO Minecraft 21130 - Die Nether-Eisenbahn
558,5702015867160,"79,99",,LEGO Nexo Knights 70355 - Aarons Klettermaxe
559,5702015867788,"119,79","129,99€",LEGO Nexo Knights 70357 - Schloss Knighton
560,5702015592444,"21,19",,"LEGO 70607 Verfolgungsjagd in Ninjago City Bausteine, Bunt"
561,5702015868693,"55,00",,LEGO Super Heroes 76084 - Das ultimative Kräftemessen um Asgard
562,5702015865197,"118,90",,LEGO Minecraft 21135 - Die Crafting-Box 2.0
563,5702015865210,"159,99",,LEGO Minecraft 21136 - Das Ozeanmonument
564,5702016092882,"109,99",,"LEGO Ninjago Movie 70631 - Garmadons Vulkanversteck, Bauspielzeug"
565,5702016092899,not available,,"LEGO Ninjago Movie 70632 - Cole‘s Donner-Mech, Cooles Kinderspielzeug"
566,5702016108903,not available,,LEGO Ninjago 70639 - Straßenrennen des Schlangenjaguars
567,5702016109825,not available,,"LEGO Ninjago 70642 - Killow gegen Samurai X, Cooles Kinderspielzeug"
568,5702016108941,"19,72","19,99€","LEGO Minecraft 21140 - Hühnerstall, Unterhaltungsspielzeug"
569,5702016109597,"16,99","19,99€","LEGO Minecraft 21141 - Zombiehöhle Beliebtes, Kinderspielzeug"
570,5702016110418,not available,,LEGO Marvel Super Heroes Outrider Dropship-Angriff 76101 Superheldenspielzeug
571,5702016110401,not available,,LEGO Marvel Super Heroes Thors Waffenmission 76102 Superheldenspielzeug
572,5702016110562,not available,,LEGO Marvel Super Heroes Zerstörung des Hulkbuster 76104 Superheldenspielzeug
573,5702016110210,not available,,LEGO Marvel Super Heroes Thanos: Das ultimative Gefecht 76107 Superheldenspielzeug
574,5702016110432,not available,,"LEGO Marvel Super Heroes 76099 - Rhino Face-Off by the Mine, Spielzeug für Jungen und Mädchen"
575,5702016110425,not available,,"LEGO Marvel Super Heroes 76100 - Royal Talon Attacke, Konstruktionsspielzeug"
576,5702016110791,"16,89","17,20€",LEGO Ninjago 70645 Drachenmeister Cole
577,5702016110807,not available,,LEGO Ninjago 70646 Drachenmeister Jay
578,5702016110821,"13,00","14,99€",LEGO Ninjago 70648 Drachenmeister Zane
579,5702016109856,"29,91",,"LEGO 70650 Flügel-Speeder Bunt, Einheitsgröße"
580,5702016109863,not available,,"LEGO 70651 Duell im Thronsaal Bunt, Einheitsgröße"
581,5702016110692,"129,95",,LEGO 70654 Drachen-Fänger Bunt
582,5702016110708,not available,,LEGO 70655 Drachengrube Bunt
583,5702016110715,"299,50",,The LEGO® NINJAGO® Movie™NINJAGO® City Hafen (70657) Cooles Kinderspielzeug
584,5702016109658,"109,90",,"LEGO Minecraft 21147 - Abenteuer in den Felsen, Minifiguren und Spielzeug"
585,5702016367270,not available,,LEGO NINJAGO 70659 - Spinjitzu Kai
586,5702016367287,not available,,LEGO NINJAGO 70660 - Spinjitzu Jay
587,5702016367324,not available,,LEGO NINJAGO 70662 - Spinjitzu Cole
588,5702016367331,not available,,LEGO NINJAGO 70663 - Spinjitzu Nya & Wu
589,5702016367348,"19,99",,LEGO NINJAGO 70664 - Spinjitzu Lloyd vs. Garmadon
590,5702016370560,not available,,"LEGO Minecraft 21148 - BigFig Steve mit Papagei, Actionfigur"
591,5702016370874,not available,,LEGO Minecraft 21149 Minecraft-BigFig Alex mit Huhn
592,5702016370881,not available,,"LEGO Minecraft 21150 - BigFig Skelett mit Magmawürfel, Actionfigur"
593,5702016370898,"15,07","19,99€","LEGO Minecraft 21151 - Das letzte Gefecht, Bauset"
594,5702016370904,"37,99","49,99€",LEGO Minecraft™ 21152 Das Piratenschiff-Abenteuer
595,5702016369670,"44,99","59,99€",LEGO Marvel 76125 Super Heroes Iron Mans Werkstatt Kinderspielzeug Bunt
596,5702016369687,"58,99","79,99€",LEGO 76126 - Marvel Super Heroes Ultimativer Avengers-Quinjet
597,5702016376012,"14,49",,"LEGO Guardians of the Galaxy Vol. 2 Minifigur Groot (sehr kleine Figur 1,5cm x 1,5cm) 76081"
598,5702016365481,"11,99","14,99€","Lego Ninjago 70671 Angriff des Eis-Samurai, Bauset"
599,5702016365542,"7,99",,LEGO 180729 Sammelkarten
600,5702016369700,"21,02","29,99€","LEGO Marvel Spider-Man 76128 - Far From Home Duell mit Molten Man, Bauset"
601,5702016369717,not available,,"LEGO Marvel Spider-Man 76129 - Far From Home Angriff von Hydro-Man, Bauset"
602,5702016469011,"7,38","9,99€","Lego Ninjago 70682 Spinjitzu Slam - Jay, Bauset"
603,5702016370911,"13,99",,"LEGO Minecraft 21153 - Die Schaffarm, Bauset"
604,5702016367362,"13,99","19,99€",LEGO NINJAGO 70666 - Goldener Drache
605,5702016367478,not available,,LEGO NINJAGO 70667 - Kais Feuer-Bike & Zanes Schneemobil
606,5702016367492,not available,,LEGO NINJAGO 70669 - Coles Powerbohrer
607,5702015592000,"129,90",,"LEGO 70613 The NINJAGO Movie Bausteine, Bunt"
608,5702016368666,"38,90",,"LEGO 76113 Spider-Man Motorradrettung Kinderspielzeug, Bunt"
609,5702016368888,"39,99","49,99€",LEGO 76115 Marvel Super Heroes Spider Mech vs. Venom
610,5702016369731,not available,,"LEGO 76133 Spider-Man Verfolgungsjagd Kinderspielzeug, Bunt"
611,5702016369748,not available,,"LEGO 76134 Spider- Man: Diamantenraub mit Doc Ock Kinderspielzeug, Bunt"
612,5702015865951,"84,90",,"LEGO Elves 41185 - Magische Rettung aus dem Kobold-Dorf, Kreatives Spielzeug"
613,5702015866439,not available,,LEGO Friends 41315 - Heartlake Surfladen
614,5702015866453,not available,,LEGO 41316 Friends Andreas Rennboot-Transporter
615,5702015866477,"199,99",,LEGO Friends 41318 - Heartlake Krankenhaus
616,5702015866538,"32,99",,LEGO Friends 41321 - Geländewagen im Wintersportort
617,5702015866545,"34,19",,LEGO Friends 41322 - Eislaufplatz im Wintersportort
618,5702015866552,"48,89",,LEGO Friends 41323 - Chalet im Wintersportort
619,5702015866569,not available,,LEGO Friends 41324 - Skilift im Wintersportort
620,5702015866460,not available,,LEGO Friends 41317 - Sonnenschein-Katamaran
621,5702015868815,"52,49",,"LEGO Juniors 10743 - Smokeys Garage, Kinderspielzeug"
622,5702015868822,"79,89",,"LEGO Juniors 10744 - Crazy acht Rennen in Thunder Hollow, Auto-Spielzeug"
623,5702015866576,"30,39",,LEGO Friends 41326 - Adventskalender
624,5702016077421,"19,99",,"LEGO Friends 41330 - Fußballtraining mit Stephanie, Kinderspielzeug"
625,5702016077445,not available,,"LEGO Friends 41334 - Andreas Bühne im Park, Spielzeug für Mädchen und Jungen"
626,5702016077452,"9,75",,Lego Friends Exclusivmodell - 30101 Mia mit Skateboard
627,5702016111286,"23,49",,"LEGO Friends 41328 - Stephanies Zimmer, Konstruktionsspielzeug"
628,5702016111293,"14,89","14,99€","LEGO Friends 41329 - Olivias Großes Zimmer, Unterhaltungsspielzeug"
629,5702016111590,not available,,"LEGO Friends 41336 - Emmas Künstlercafé, Unterhaltungsspielzeug"
630,5702016111606,"38,99","39,99€","LEGO Friends 41338 - Stephanies Sportstadion, Kinderspielzeug"
631,5702016111620,"99,90",,"LEGO Friends 41340 - Freundschaftshaus, Beliebtes Kinderspielzeug"
632,5702016092790,not available,,LEGO Juniors Emmas Party 10748 - Beliebtes Kinderspielzeug
633,5702016092981,not available,,"LEGO Juniors 10751 - Gebirgspolizei auf Verfolgungsjagd, Cooles Kinderspielzeug"
634,5702016117349,not available,,"LEGO Juniors 10755 - Zanes Verfolgungsjagd mit dem Ninjaboot, Kinderspielzeug"
635,5702016100631,not available,,LEGO Elves Aira und das Lied des Winddrachen 41193 Spielzeug für Mädchen und Jungen
636,5702016117363,not available,,LEGO Juniors Rettungstruck für den Raptor 10757 Unterhaltungsspielzeug
637,5702016117639,not available,,LEGO Juniors Flughafen 10764 Klassisches Spielzeug
638,5702016237573,"19,99",,LEGO Juniors Arielles Unterwasser-Konzert 10765 Disney-Spielzeug
639,5702016111637,not available,,LEGO Friends Andreas Zimmer 41341 Kinderspielzeug
640,5702016111668,not available,,LEGO Friends Andreas Accessoire-Laden 41344 Kinderspielzeug
641,5702016111989,"24,99","25,35€",LEGO Friends 41346 - Freundschafts-Box
642,5702016112009,not available,,LEGO Friends Abschleppwagen 41348 Kinderspielzeug
643,5702016112016,"31,99",,LEGO Friends Burgerladen 41349 Kinderspielzeug
644,5702016112023,"39,90",,LEGO Friends Autowaschanlage 41350 Kinderspielzeug
645,5702016112030,"21,99","24,47€",LEGO Friends Tuning-Werkstatt 41351 Kinderspielzeug
646,5702016112047,"24,99","25,35€",LEGO Friends Abschleppwagen 41348 Kinderspielzeug
647,5702016110333,"20,95",,"LEGO 75950 Harry Potter und die Kammer des Schreckens, Aragogs Versteck, Bauset"
648,5702016110340,"29,03","29,99€",LEGO Phantastische Tierwesen: Grindelwalds Verbrechen – Grindelwalds Flucht (75951) Bauset (132 Teile)
649,5702016110357,not available,,LEGO Phantastische Tierwesen Newts Koffer der magischen Kreaturen (75952) Bauset (694 Teile)
650,5702016160277,"29,99","39,99€",LEGO Harry Potter – Quidditch Turnier (75956) Bauset (500 Teile)
651,5702016368727,not available,,"Lego 41354 Friends Andreas Herzbox, bunt"
652,5702016368741,not available,,"Lego 41356 Friends Stephanies Herzbox, bunt"
653,5702016368758,not available,,"Lego 41357 Friends Olivias Herzbox, bunt"
654,5702016368765,not available,,"Lego 41358 Friends Mias Herzbox, bunt"
655,5702016369472,not available,,"Lego 41359 Friends Herzbox-Freundschaftsset, bunt"
656,5702016369397,not available,,"Lego 41364 Friends Stephanies Cabrio mit Anhänger, bunt"
657,5702016369403,not available,,"Lego 41365 Friends Emmas Künstlerstudio, bunt"
658,5702016369427,"29,99","39,99€",LEGO 41367 - Friends Stephanies Reitturnier
659,5702016369441,"52,99","69,99€","Lego 41369 Friends Mias Haus mit Pferd, bunt"
660,5702016394856,not available,,"Lego 41383 Friends Olivias Hamster-Spielplatz, bunt"
661,5702016419832,not available,,"LEGO Friends 41384 - Andreas sommerliche Herzbox, Bauset"
662,5702016419849,not available,,"LEGO Friends 41385 - Emmas sommerliche Herzbox, Bauset"
663,5702016419863,not available,,"LEGO Friends 41387 - Olivias Sommer-Herzbox, Bauset"
664,5702016468977,not available,,"LEGO Friends 41388 - Mias sommerliche Herzbox, Bauset"
665,5702016369151,"20,99","29,99€","LEGO 41371 - Friends  Mias Pferdetransporter, Bauset"
666,5702016370225,"43,99","59,99€","LEGO 41380 -  Friends Leuchtturm mit Flutlicht, Bauset"
667,5702016370232,"61,99","89,99€","LEGO 41381- Friends  Boot für Rettungsaktionen, Bauset"
668,5702016370201,"16,99","19,99€","LEGO 41376 - Friends Schildkröten-Rettungsstation, Bauset"
669,5702016365412,"21,54","29,99€","LEGO 70419 Hidden Side Gekenterter Garnelenkutter Kinderspielzeug, Augmented Reality Funktionen"
670,5702016365467,"39,00","59,99€","LEGO 70423 Hidden Side Spezialbus Geisterschreck 3000 Kinderspielzeug, Augmented Reality Funktionen"
671,5702015866514,"37,99","38,93€",LEGO Friends 41320 Heartlake Joghurteisdiele
672,5702015355438,"19,99","24,99€","LEGO Duplo 10597 - Geburtstagsparade, Disney Spielzeug"
673,5702015866989,"7,95",,LEGO Disney Princess 41143 - Berrys Küche
674,5702015814287,"23,89",,"LEGO DC Super Hero Girls 41231 - Harley Quinn eilt zu Hilfe, DC Sammlerstück"
675,5702015869973,"19,99","29,99€","LEGO Duplo 10572 - Große Steinebox, Kreatives Lernspielzeug"
676,5702015867320,"59,00",,LEGO Disney Princess 41145 - Arielle und der Zauberspruch
677,5702015867337,"59,99",,LEGO Disney Princess 41146 - Cinderellas zauberhafter Abend
678,5702015867900,"57,95",,LEGO Creator 31066 - Forschungs-Spaceshuttle
679,5702015867917,"54,90",,LEGO Creator 31067 - Ferien am Pool
680,5702015867931,"119,90",,LEGO Creator 31069 - Familienvilla
681,5702015867948,"48,90","49,99€",LEGO Creator 31070 - Turborennwagen
682,5702016111453,"18,59",,"LEGO Disney Princess 41151 - Konstruktionsspielzeug, Bunt"
683,5702016111460,"55,90",,"LEGO Disney Princess 41152 - Dornröschens Märchenschloss, Unterhaltungsspielzeug"
684,5702016111682,not available,,"LEGO Disney Princess 41154 - Cinderellas Traumschloss, Beliebtes Kinderspielzeug"
685,5702016110838,not available,,"LEGO Duplo 10858 - Meine ersten Tiere, Farben lernen, Steine für Kleinkinder"
686,5702016110845,"7,85",,"LEGO Duplo 10859 - Mein erster Marienkäfer, Spielzeug, erste Lernerfolge, Kreatives Spielen"
687,5702016110869,not available,,"LEGO Duplo 10861 - Meine ersten Emotionen, Gefühle erklären, Große Steine"
688,5702016111378,not available,,"LEGO Duplo 10862 - Meine erste Geburtstagsfeier, Steine für Kleinkinder"
689,5702016111385,"23,99","29,99€","LEGO Duplo 10863 - Meine erste Steinebox mit Ziehtieren, Kreatives Spielen"
690,5702016117172,not available,,"LEGO Duplo 10864 - Steinebox mit großem Spielplatz, Große Steine"
691,5702016111958,not available,,LEGO Duplo 10867 - Bauernmarkt Große Bausteine
692,5702016117219,"17,99","24,99€","LEGO Duplo 10871 - Flughafen, Ideales Spielzeug für Kinder im Alter von 2 bis 5 Jahren"
693,5702016074789,not available,,LEGO Creator 31071 - Forschungsdrohne Bauspielzeug
694,5702016075052,not available,,"LEGO Creator 31072 - Ultimative Motor-Power, Bauspielzeug"
695,5702016111804,not available,,"LEGO Creator 31073 - Fabelwesen, Kinderspielzeug"
696,5702016111798,"19,99",,"LEGO Creator 31074 - Raketen-Rallyeflitzer, Beliebtes Kinderspielzeug"
697,5702016111262,not available,,LEGO Creator 31079 - Surfermobil Bauspielzeug
698,5702016111255,"32,32",,"LEGO Creator 31080 - Modulares Wintersportparadies, Bauspielzeug"
699,5702016110494,not available,,LEGO DC Super Heroes Mighty Micros: Batman vs. Harley Quinn 76092 Superheldenspielzeug für Jungen und Mädchen
700,5702016110456,not available,,LEGO DC Super Heroes Lex Luthor Mech 76097 Superheldenspielzeug für Jungen und Mädchen
701,5702016116861,not available,,"LEGO 10881 Disney Mickys Boot, bunt"
702,5702016111712,not available,,"LEGO 41157 Disney Princess Rapunzels Reisekutsche, bunt"
703,5702016111781,not available,,LEGO® Creator 3-in-1 Modulares Zuckerhaus (31077) Kinderspielzeug
704,5702016111248,not available,,LEGO 31084 Piraten Achterbahn Bunt
705,5702016111101,"55,00",,"LEGO 31085 Stunt- Truck- Transporter, bunt"
706,5702016109030,not available,,LEGO DC Super Heroes Batman: Attacke der Talons (76110) Batman Spielzeug
707,5702016367638,not available,,"Lego 10895 Duplo The Lego Movie 2 Besucher vom Lego Duplo Planeten, bunt"
708,5702016367553,"7,99","9,99€",LEGO DUPLO 10883 - Mein erster Abschleppwagen
709,5702016367560,"10,99","14,99€",LEGO DUPLO 10884 - Meine erste Wippe mit Tieren
710,5702016367577,"14,99","19,99€",LEGO DUPLO 10885 - Mein erstes Tierpuzzle
711,5702016367584,"14,99","19,99€",LEGO DUPLO 10886 - Meine ersten Fahrzeuge
712,5702016367522,"8,99","9,99€",LEGO DUPLO 10897 - Meine erste Minnie Maus
713,5702016367539,"6,99","9,99€",LEGO DUPLO 10898 - Meine erste Micky Maus
714,5702016367645,"7,99","9,99€",LEGO DUPLO 10900 - Polizeimotorrad
715,5702016367652,"14,99","19,99€",LEGO DUPLO 10901 - Feuerwehrauto
716,5702016367669,"23,99","29,99€",LEGO DUPLO 10902 - Polizeistation
717,5702016367829,"10,99","12,99€",LEGO Creator 31087 - Strandbuggy
718,5702016367867,"17,99","24,99€",LEGO Creator 31091 - Transporter für Space Shuttle
719,5702016395389,"8,29","9,99€",LEGO Creator 31092 - Hubschrauber - Abenteuer
720,5702016367874,not available,,LEGO Creator 31093 - Hausboot
721,5702016368178,not available,,"LEGO 41159 Cindarella's Kutsche Kinderspielzeug, Bunt"
722,5702016368581,not available,,LEGO Disney 41161 - Aladdins und Jasmins Palastabenteuer
723,5702016368895,"20,00","24,99€",LEGO 76116 - DC Universe Super Heroes Batman im Bat-U-Boot
724,5702016368901,not available,,LEGO 76117 - DC Universe Super Heroes Batman Mech vs. Poison Ivy Mech
725,5702016369120,not available,,"LEGO DC Batman (76118) – Batcycle-Duell mit Mr. Freeze™, Bauset"
726,5702016369137,not available,,"LEGO DC Batman Batmobile 76119 - Verfolgungsjagd mit dem Joker, Bauset"
727,5702016369144,not available,,"LEGO DC Batman 76120 - Batwing und der Riddler-Überfall, Bauset"
728,5702016369755,"8,99","9,99€","LEGO DC Batman 76137 - Batman vs. der Raub des Riddler, Bauset"
729,5702016680522,"17,69","19,99€","LEGO Duplo 10910 - U-Boot-Abenteuer, Bauset"
730,information for this product,"0,00",,"Dropshipping: The Super Simple Guide On How To Make A Killing Dropshipping (Dropshpping for Beginners, Dropshipping Suppliers, Dropshipping Guide, Dropshipping List, shoppify Book 1) (English Edition)"
731,5702015355704,"11,99","14,99€","LEGO Classic 10692 - Bausteine-Set, Spielzeug mit Lerncharakter"
732,5702015865654,not available,,"LEGO City 60141 - Polizeiwache, Cooles Spielzeug für Kinder"
733,5702015868860,not available,,"LEGO Classic 10703 - Kreativ-Bauset Gebäude, Baukästen"
734,5702015866026,"12,17",,LEGO City 60156 - Dschungel-Buggy
735,5702015866033,not available,,LEGO City 60157 - Dschungel-Starter-Set
736,5702015866057,"24,90",,LEGO City 60158 - Dschungel-Frachthubschrauber
737,5702015866279,"80,99",,LEGO City 60160 - Mobiles Dschungel-Labor
738,5702015866446,"108,95",,LEGO City 60169 - Frachtterminal
739,5702015866019,"13,09",,LEGO 40253 – Weihnachtlicher Bauspaß
740,5702016093773,not available,,"LEGO City 60170 - Offroad-Verfolgungsjagd, Konstruktionsspielzeug"
741,5702016109559,not available,,LEGO City 60174 - Bergpolizei Hauptquartier Cooles Kinderspielzeug
742,5702016111347,not available,,"LEGO Classic 10712 - Bausteine-Set, Zahnräder, Bunt"
743,5702016111330,"13,99","19,99€","LEGO Classic 10713 - Bausteine Starterkoffer, Farben sortieren"
744,5702016111927,"6,89","7,99€","LEGO Classic 10714 - Blaue Bauplatte, Kreatives Spielen"
745,5702016072631,"19,19",,"LEGO Brickheadz 41598 - The Flash Konstruktionsspielzeug, Bunt"
746,5702016072648,"19,90",,"LEGO Brickheadz 41599 - Wonder Woman Konstruktionsspielzeug, Bunt"
747,5702016077513,"45,80",,"LEGO City 60182 - Starke Fahrzeuge Pickup und Wohnwagen, Spielzeug für Jungen und Mädchen"
748,5702016109535,not available,,"LEGO City 60188 - Bergbauprofis Bergbauprofis an der Abbaustätte, Kinderspielzeug"
749,5702016109450,not available,,LEGO City Arktis-Eiskran auf Stelzen 60192 Kinderspielzeug
750,5702016109474,"69,99",,LEGO City Arktis-Erkundungstruck 60194 Kinderspielzeug
751,5702016109481,"103,50",,LEGO City Mobile Arktis-Forschungsstation 60195 Kinderspielzeug
752,5702016364675,"15,99","19,99€",LEGO City Weichen 60238 Spielzeugeisenbahn
753,5702016108958,not available,,LEGO City Stadtbewohner – Outdoor-Abenteuer (60202) Kinderspielzeug
754,5702016108965,not available,,LEGO City Krankenhaus (60204) Kinderspielzeug
755,5702016199055,"14,69","17,99€","LEGO City Schienen (60205), Kinderspielzeug"
756,5702016369564,"15,99","19,99€","Lego 60207 City Polizei Drohnenjagd, bunt"
757,5702016367775,"14,99","19,99€",LEGO Classic 11002 - Bausteine - Starter Set
758,5702016367782,"19,99","29,99€",LEGO Classic 11003 - Bausteine - Witzige Figuren
759,5702016369502,not available,,LEGO City 60218 Wüsten-Rennwagen
760,5702016369540,"13,99","19,99€",LEGO City 60222 Pistenraupe
761,5702016369793,"7,99","9,99€","Lego 60237 City Kurve und Kreuzung, bunt"
762,5702016396188,not available,,LEGO City 60240 Kajak-Abenteuer
763,5702016369243,"6,99","9,99€",LEGO City 60212 Feuerwehr beim Grillfest
764,5702016369267,"20,99","29,99€",LEGO City 60214 Feuerwehreinsatz im Burger-Restaurant
765,5702016369373,"42,99","59,99€",LEGO City 60215 Feuerwehr-Station
766,5702016595451,"57,99","79,99€",Produkttitel fehlt - Wird nachgereicht
767,5702016111064,"21,99",,LEGO BrickHeadz Thanos 41605 baubarer Charakter
768,0729378169071,not available,,
769,5702015591195,"114,95",,"LEGO Architecture 21030 Das Kapitol, Bauspielzeug"
770,5702015865340,"124,95",,LEGO Architecture 21035 - Solomon R. Guggenheim Museum
771,5702015865357,"69,99",,LEGO Architecture 21036 - Der Triumphbogen
772,5702016111873,"59,99",,"LEGO Architecture 21041 - Die Chinesische Mauer, Bauset"
773,5702016348897,not available,,"LEGO Architecture 21047 - Las Vegas, Bauset"
